RESVDATE,REGISTERED,COUNT,STATION,DATE,LATITUDE,LONGITUDE,ELEVATION,NAME,PRCP,SNOW,TMAX,TMIN
1/1/2011,654,985,USC00461397,1/1/2011,39.0483,-79.4406,991.8,"CANAAN VALLEY NUMBER 2, WV US",0,0,83,-72
1/2/2011,670,801,USC00461397,1/2/2011,39.0483,-79.4406,991.8,"CANAAN VALLEY NUMBER 2, WV US",36,0,83,0
1/3/2011,1229,1349,USC00461397,1/3/2011,39.0483,-79.4406,991.8,"CANAAN VALLEY NUMBER 2, WV US",0,0,6,-117
1/4/2011,1454,1562,USC00461397,1/4/2011,39.0483,-79.4406,991.8,"CANAAN VALLEY NUMBER 2, WV US",0,0,-39,-111
1/5/2011,1518,1600,USC00461397,1/5/2011,39.0483,-79.4406,991.8,"CANAAN VALLEY NUMBER 2, WV US",0,0,6,-94
1/6/2011,1518,1606,USC00461397,1/6/2011,39.0483,-79.4406,991.8,"CANAAN VALLEY NUMBER 2, WV US",0,0,-33,-106
1/7/2011,1362,1510,USC00461397,1/9/2011,39.0483,-79.4406,991.8,"CANAAN VALLEY NUMBER 2, WV US",74,152,-94,-150
1/8/2011,891,959,USC00461397,1/10/2011,39.0483,-79.4406,991.8,"CANAAN VALLEY NUMBER 2, WV US",0,0,-106,-172
1/9/2011,768,822,USC00461397,1/11/2011,39.0483,-79.4406,991.8,"CANAAN VALLEY NUMBER 2, WV US",0,0,-44,-150
1/10/2011,1280,1321,USC00461397,1/12/2011,39.0483,-79.4406,991.8,"CANAAN VALLEY NUMBER 2, WV US",0,0,22,-106
1/11/2011,1220,1263,USC00461397,1/13/2011,39.0483,-79.4406,991.8,"CANAAN VALLEY NUMBER 2, WV US",89,254,-83,-128
1/12/2011,1137,1162,USC00461397,1/14/2011,39.0483,-79.4406,991.8,"CANAAN VALLEY NUMBER 2, WV US",13,51,-94,-128
1/13/2011,1368,1406,USC00461397,1/15/2011,39.0483,-79.4406,991.8,"CANAAN VALLEY NUMBER 2, WV US",0,0,-67,-106
1/14/2011,1367,1421,USC00461397,1/16/2011,39.0483,-79.4406,991.8,"CANAAN VALLEY NUMBER 2, WV US",28,25,6,-83
1/15/2011,1026,1248,USC00461397,1/17/2011,39.0483,-79.4406,991.8,"CANAAN VALLEY NUMBER 2, WV US",0,0,-56,-117
1/16/2011,953,1204,USC00461397,1/18/2011,39.0483,-79.4406,991.8,"CANAAN VALLEY NUMBER 2, WV US",28,25,11,-61
1/17/2011,883,1000,USC00461397,1/19/2011,39.0483,-79.4406,991.8,"CANAAN VALLEY NUMBER 2, WV US",30,0,56,0
1/18/2011,674,683,USC00461397,1/20/2011,39.0483,-79.4406,991.8,"CANAAN VALLEY NUMBER 2, WV US",13,13,6,-67
1/19/2011,1572,1650,USC00461397,1/21/2011,39.0483,-79.4406,991.8,"CANAAN VALLEY NUMBER 2, WV US",0,0,-11,-117
1/20/2011,1844,1927,USC00461397,1/22/2011,39.0483,-79.4406,991.8,"CANAAN VALLEY NUMBER 2, WV US",0,0,-11,-183
1/21/2011,1468,1543,USC00461397,1/23/2011,39.0483,-79.4406,991.8,"CANAAN VALLEY NUMBER 2, WV US",13,38,-83,-172
1/22/2011,888,981,USC00461397,1/24/2011,39.0483,-79.4406,991.8,"CANAAN VALLEY NUMBER 2, WV US",0,0,-111,-261
1/23/2011,836,986,USC00461397,1/26/2011,39.0483,-79.4406,991.8,"CANAAN VALLEY NUMBER 2, WV US",33,25,-17,-100
1/24/2011,1330,1416,USC00461397,1/27/2011,39.0483,-79.4406,991.8,"CANAAN VALLEY NUMBER 2, WV US",216,254,-17,-83
1/25/2011,1799,1985,USC00461397,1/28/2011,39.0483,-79.4406,991.8,"CANAAN VALLEY NUMBER 2, WV US",28,25,-33,-94
1/26/2011,472,506,USC00461397,1/29/2011,39.0483,-79.4406,991.8,"CANAAN VALLEY NUMBER 2, WV US",23,38,-28,-117
1/27/2011,416,431,USC00461397,1/30/2011,39.0483,-79.4406,991.8,"CANAAN VALLEY NUMBER 2, WV US",0,0,22,-83
1/28/2011,1129,1167,USC00461397,1/31/2011,39.0483,-79.4406,991.8,"CANAAN VALLEY NUMBER 2, WV US",0,0,33,-83
1/29/2011,975,1098,USC00461397,2/1/2011,39.0483,-79.4406,991.8,"CANAAN VALLEY NUMBER 2, WV US",25,0,22,-44
1/30/2011,956,1096,USC00461397,2/2/2011,39.0483,-79.4406,991.8,"CANAAN VALLEY NUMBER 2, WV US",132,0,78,22
1/31/2011,1459,1501,USC00461397,2/3/2011,39.0483,-79.4406,991.8,"CANAAN VALLEY NUMBER 2, WV US",30,51,72,-117
2/1/2011,1313,1360,USC00461397,2/4/2011,39.0483,-79.4406,991.8,"CANAAN VALLEY NUMBER 2, WV US",0,0,-61,-133
2/2/2011,1454,1526,USC00461397,2/5/2011,39.0483,-79.4406,991.8,"CANAAN VALLEY NUMBER 2, WV US",18,0,39,-89
2/3/2011,1489,1550,USC00461397,2/6/2011,39.0483,-79.4406,991.8,"CANAAN VALLEY NUMBER 2, WV US",66,51,83,-72
2/4/2011,1620,1708,USC00461397,2/7/2011,39.0483,-79.4406,991.8,"CANAAN VALLEY NUMBER 2, WV US",0,0,0,-61
2/5/2011,905,1005,USC00461397,2/8/2011,39.0483,-79.4406,991.8,"CANAAN VALLEY NUMBER 2, WV US",48,76,50,-89
2/6/2011,1269,1623,USC00461397,2/9/2011,39.0483,-79.4406,991.8,"CANAAN VALLEY NUMBER 2, WV US",41,102,-67,-167
2/7/2011,1592,1712,USC00461397,2/10/2011,39.0483,-79.4406,991.8,"CANAAN VALLEY NUMBER 2, WV US",28,51,-72,-144
2/8/2011,1466,1530,USC00461397,2/11/2011,39.0483,-79.4406,991.8,"CANAAN VALLEY NUMBER 2, WV US",0,0,-78,-178
2/9/2011,1552,1605,USC00461397,2/13/2011,39.0483,-79.4406,991.8,"CANAAN VALLEY NUMBER 2, WV US",13,25,-28,-56
2/10/2011,1491,1538,USC00461397,2/14/2011,39.0483,-79.4406,991.8,"CANAAN VALLEY NUMBER 2, WV US",0,0,67,-56
2/11/2011,1597,1746,USC00461397,2/15/2011,39.0483,-79.4406,991.8,"CANAAN VALLEY NUMBER 2, WV US",56,76,72,-89
2/12/2011,1184,1472,USC00461397,2/16/2011,39.0483,-79.4406,991.8,"CANAAN VALLEY NUMBER 2, WV US",0,0,28,-67
2/13/2011,1192,1589,USC00461397,2/17/2011,39.0483,-79.4406,991.8,"CANAAN VALLEY NUMBER 2, WV US",0,0,111,-22
2/14/2011,1705,1913,USC00461397,2/18/2011,39.0483,-79.4406,991.8,"CANAAN VALLEY NUMBER 2, WV US",0,0,128,50
2/15/2011,1675,1815,USC00461397,2/19/2011,39.0483,-79.4406,991.8,"CANAAN VALLEY NUMBER 2, WV US",0,0,122,-17
2/16/2011,1897,2115,USC00461397,2/20/2011,39.0483,-79.4406,991.8,"CANAAN VALLEY NUMBER 2, WV US",0,0,44,-100
2/17/2011,2216,2475,USC00461397,2/21/2011,39.0483,-79.4406,991.8,"CANAAN VALLEY NUMBER 2, WV US",107,0,89,-72
2/18/2011,2348,2927,USC00461397,2/22/2011,39.0483,-79.4406,991.8,"CANAAN VALLEY NUMBER 2, WV US",213,25,78,-72
2/19/2011,1103,1635,USC00461397,2/23/2011,39.0483,-79.4406,991.8,"CANAAN VALLEY NUMBER 2, WV US",10,13,-17,-56
2/20/2011,1173,1812,USC00461397,2/24/2011,39.0483,-79.4406,991.8,"CANAAN VALLEY NUMBER 2, WV US",0,0,22,-50
2/21/2011,912,1107,USC00461397,2/25/2011,39.0483,-79.4406,991.8,"CANAAN VALLEY NUMBER 2, WV US",173,0,89,11
2/22/2011,1376,1450,USC00461397,2/26/2011,39.0483,-79.4406,991.8,"CANAAN VALLEY NUMBER 2, WV US",71,0,94,-56
2/23/2011,1778,1917,USC00461397,2/27/2011,39.0483,-79.4406,991.8,"CANAAN VALLEY NUMBER 2, WV US",0,0,61,-44
2/24/2011,1707,1807,USC00461397,2/28/2011,39.0483,-79.4406,991.8,"CANAAN VALLEY NUMBER 2, WV US",193,0,128,33
2/25/2011,1341,1461,USC00461397,3/1/2011,39.0483,-79.4406,991.8,"CANAAN VALLEY NUMBER 2, WV US",122,0,128,-83
2/26/2011,1545,1969,USC00461397,3/2/2011,39.0483,-79.4406,991.8,"CANAAN VALLEY NUMBER 2, WV US",0,0,50,-56
2/27/2011,1708,2402,USC00461397,3/3/2011,39.0483,-79.4406,991.8,"CANAAN VALLEY NUMBER 2, WV US",0,0,67,-106
2/28/2011,1365,1446,USC00461397,3/4/2011,39.0483,-79.4406,991.8,"CANAAN VALLEY NUMBER 2, WV US",0,0,56,-56
3/1/2011,1714,1851,USC00461397,3/5/2011,39.0483,-79.4406,991.8,"CANAAN VALLEY NUMBER 2, WV US",0,0,128,-17
3/2/2011,1903,2134,USC00461397,3/6/2011,39.0483,-79.4406,991.8,"CANAAN VALLEY NUMBER 2, WV US",117,0,106,33
3/3/2011,1562,1685,USC00461397,3/7/2011,39.0483,-79.4406,991.8,"CANAAN VALLEY NUMBER 2, WV US",175,152,33,-89
3/4/2011,1730,1944,USC00461397,3/8/2011,39.0483,-79.4406,991.8,"CANAAN VALLEY NUMBER 2, WV US",0,0,11,-94
3/5/2011,1437,2077,USC00461397,3/9/2011,39.0483,-79.4406,991.8,"CANAAN VALLEY NUMBER 2, WV US",28,25,56,-50
3/6/2011,491,605,USC00461397,3/10/2011,39.0483,-79.4406,991.8,"CANAAN VALLEY NUMBER 2, WV US",213,0,56,-11
3/7/2011,1628,1872,USC00461397,3/11/2011,39.0483,-79.4406,991.8,"CANAAN VALLEY NUMBER 2, WV US",168,76,72,-44
3/8/2011,1817,2133,USC00461397,3/16/2011,39.0483,-79.4406,991.8,"CANAAN VALLEY NUMBER 2, WV US",112,0,117,-44
3/9/2011,1700,1891,USC00461397,3/17/2011,39.0483,-79.4406,991.8,"CANAAN VALLEY NUMBER 2, WV US",15,0,39,-6
3/10/2011,577,623,USC00461397,3/18/2011,39.0483,-79.4406,991.8,"CANAAN VALLEY NUMBER 2, WV US",0,0,144,17
3/11/2011,1730,1977,USC00461397,3/19/2011,39.0483,-79.4406,991.8,"CANAAN VALLEY NUMBER 2, WV US",66,0,178,17
3/12/2011,1408,2132,USC00461397,3/20/2011,39.0483,-79.4406,991.8,"CANAAN VALLEY NUMBER 2, WV US",0,0,94,-61
3/13/2011,1435,2417,USC00461397,3/21/2011,39.0483,-79.4406,991.8,"CANAAN VALLEY NUMBER 2, WV US",130,0,133,-11
3/14/2011,1687,2046,USC00461397,3/22/2011,39.0483,-79.4406,991.8,"CANAAN VALLEY NUMBER 2, WV US",132,0,172,67
3/15/2011,1767,2056,USC00461397,3/23/2011,39.0483,-79.4406,991.8,"CANAAN VALLEY NUMBER 2, WV US",13,0,144,67
3/16/2011,1871,2192,USC00461397,3/24/2011,39.0483,-79.4406,991.8,"CANAAN VALLEY NUMBER 2, WV US",279,0,183,6
3/17/2011,2320,2744,USC00461397,3/25/2011,39.0483,-79.4406,991.8,"CANAAN VALLEY NUMBER 2, WV US",25,25,6,-61
3/18/2011,2355,3239,USC00461397,3/26/2011,39.0483,-79.4406,991.8,"CANAAN VALLEY NUMBER 2, WV US",13,25,-22,-61
3/19/2011,1693,3117,USC00461397,3/27/2011,39.0483,-79.4406,991.8,"CANAAN VALLEY NUMBER 2, WV US",28,51,22,-67
3/20/2011,1424,2471,USC00461397,3/28/2011,39.0483,-79.4406,991.8,"CANAAN VALLEY NUMBER 2, WV US",0,0,-17,-128
3/21/2011,1676,2077,USC00461397,3/29/2011,39.0483,-79.4406,991.8,"CANAAN VALLEY NUMBER 2, WV US",0,0,17,-106
3/22/2011,2243,2703,USC00461397,3/30/2011,39.0483,-79.4406,991.8,"CANAAN VALLEY NUMBER 2, WV US",0,0,44,-83
3/23/2011,1918,2121,USC00461397,3/31/2011,39.0483,-79.4406,991.8,"CANAAN VALLEY NUMBER 2, WV US",79,0,6,-17
3/24/2011,1699,1865,USC00461397,4/1/2011,39.0483,-79.4406,991.8,"CANAAN VALLEY NUMBER 2, WV US",48,51,17,-39
3/25/2011,1910,2210,USC00461397,4/2/2011,39.0483,-79.4406,991.8,"CANAAN VALLEY NUMBER 2, WV US",155,152,-6,-33
3/26/2011,1515,2496,USC00461397,4/3/2011,39.0483,-79.4406,991.8,"CANAAN VALLEY NUMBER 2, WV US",170,165,11,-17
3/27/2011,1221,1693,USC00461397,4/4/2011,39.0483,-79.4406,991.8,"CANAAN VALLEY NUMBER 2, WV US",0,0,128,-11
3/28/2011,1806,2028,USC00461397,4/5/2011,39.0483,-79.4406,991.8,"CANAAN VALLEY NUMBER 2, WV US",112,0,244,-6
3/29/2011,2108,2425,USC00461397,4/6/2011,39.0483,-79.4406,991.8,"CANAAN VALLEY NUMBER 2, WV US",38,51,6,-50
3/30/2011,1368,1536,USC00461397,4/7/2011,39.0483,-79.4406,991.8,"CANAAN VALLEY NUMBER 2, WV US",0,0,133,-50
3/31/2011,1506,1685,USC00461397,4/8/2011,39.0483,-79.4406,991.8,"CANAAN VALLEY NUMBER 2, WV US",0,0,183,56
4/1/2011,1920,2227,USC00461397,4/9/2011,39.0483,-79.4406,991.8,"CANAAN VALLEY NUMBER 2, WV US",124,0,78,33
4/2/2011,1354,2252,USC00461397,4/10/2011,39.0483,-79.4406,991.8,"CANAAN VALLEY NUMBER 2, WV US",0,0,194,44
4/3/2011,1598,3249,USC00461397,4/11/2011,39.0483,-79.4406,991.8,"CANAAN VALLEY NUMBER 2, WV US",0,0,256,67
4/4/2011,2381,3115,USC00461397,4/12/2011,39.0483,-79.4406,991.8,"CANAAN VALLEY NUMBER 2, WV US",114,0,261,100
4/5/2011,1628,1795,USC00461397,4/13/2011,39.0483,-79.4406,991.8,"CANAAN VALLEY NUMBER 2, WV US",241,0,100,33
4/6/2011,2395,2808,USC00461397,4/14/2011,39.0483,-79.4406,991.8,"CANAAN VALLEY NUMBER 2, WV US",0,0,50,-22
4/7/2011,2570,3141,USC00461397,4/15/2011,39.0483,-79.4406,991.8,"CANAAN VALLEY NUMBER 2, WV US",0,0,167,6
4/8/2011,1299,1471,USC00461397,4/16/2011,39.0483,-79.4406,991.8,"CANAAN VALLEY NUMBER 2, WV US",13,0,156,67
4/9/2011,1576,2455,USC00461397,4/17/2011,39.0483,-79.4406,991.8,"CANAAN VALLEY NUMBER 2, WV US",211,0,111,-11
4/10/2011,1707,2895,USC00461397,4/18/2011,39.0483,-79.4406,991.8,"CANAAN VALLEY NUMBER 2, WV US",13,0,117,-11
4/11/2011,2493,3348,USC00461397,4/19/2011,39.0483,-79.4406,991.8,"CANAAN VALLEY NUMBER 2, WV US",0,0,189,44
4/12/2011,1777,2034,USC00461397,4/20/2011,39.0483,-79.4406,991.8,"CANAAN VALLEY NUMBER 2, WV US",290,0,183,83
4/13/2011,1953,2162,USC00461397,4/21/2011,39.0483,-79.4406,991.8,"CANAAN VALLEY NUMBER 2, WV US",0,0,189,11
4/14/2011,2738,3267,USC00461397,4/22/2011,39.0483,-79.4406,991.8,"CANAAN VALLEY NUMBER 2, WV US",13,0,106,-6
4/15/2011,2484,3126,USC00461397,4/23/2011,39.0483,-79.4406,991.8,"CANAAN VALLEY NUMBER 2, WV US",175,0,122,22
4/16/2011,674,795,USC00461397,4/24/2011,39.0483,-79.4406,991.8,"CANAAN VALLEY NUMBER 2, WV US",226,0,222,22
4/17/2011,2186,3744,USC00461397,4/25/2011,39.0483,-79.4406,991.8,"CANAAN VALLEY NUMBER 2, WV US",36,0,211,106
4/18/2011,2760,3429,USC00461397,4/26/2011,39.0483,-79.4406,991.8,"CANAAN VALLEY NUMBER 2, WV US",0,0,272,117
4/19/2011,2795,3204,USC00461397,4/27/2011,39.0483,-79.4406,991.8,"CANAAN VALLEY NUMBER 2, WV US",61,0,250,111
4/20/2011,3331,3944,USC00461397,4/28/2011,39.0483,-79.4406,991.8,"CANAAN VALLEY NUMBER 2, WV US",450,0,239,111
4/21/2011,3444,4189,USC00461397,4/29/2011,39.0483,-79.4406,991.8,"CANAAN VALLEY NUMBER 2, WV US",0,0,133,56
4/22/2011,1506,1683,USC00461397,4/30/2011,39.0483,-79.4406,991.8,"CANAAN VALLEY NUMBER 2, WV US",10,0,89,-6
4/23/2011,2574,4036,USC00461397,5/1/2011,39.0483,-79.4406,991.8,"CANAAN VALLEY NUMBER 2, WV US",0,0,194,6
4/24/2011,2481,4191,USC00461397,5/13/2011,39.0483,-79.4406,991.8,"CANAAN VALLEY NUMBER 2, WV US",282,0,261,-11
4/25/2011,3300,4073,USC00461397,5/16/2011,39.0483,-79.4406,991.8,"CANAAN VALLEY NUMBER 2, WV US",89,0,222,83
4/26/2011,3722,4400,USC00461397,5/17/2011,39.0483,-79.4406,991.8,"CANAAN VALLEY NUMBER 2, WV US",168,0,161,94
4/27/2011,3325,3872,USC00461397,5/18/2011,39.0483,-79.4406,991.8,"CANAAN VALLEY NUMBER 2, WV US",485,0,161,83
4/28/2011,3489,4058,USC00461397,5/19/2011,39.0483,-79.4406,991.8,"CANAAN VALLEY NUMBER 2, WV US",13,0,167,61
4/29/2011,3717,4595,USC00461397,5/20/2011,39.0483,-79.4406,991.8,"CANAAN VALLEY NUMBER 2, WV US",30,0,150,83
4/30/2011,3347,5312,USC00461397,5/21/2011,39.0483,-79.4406,991.8,"CANAAN VALLEY NUMBER 2, WV US",13,0,172,44
5/1/2011,2213,3351,USC00461397,5/22/2011,39.0483,-79.4406,991.8,"CANAAN VALLEY NUMBER 2, WV US",0,0,228,72
5/2/2011,3554,4401,USC00461397,5/23/2011,39.0483,-79.4406,991.8,"CANAAN VALLEY NUMBER 2, WV US",13,0,256,111
5/3/2011,3848,4451,USC00461397,5/24/2011,39.0483,-79.4406,991.8,"CANAAN VALLEY NUMBER 2, WV US",66,0,228,117
5/4/2011,2378,2633,USC00461397,5/25/2011,39.0483,-79.4406,991.8,"CANAAN VALLEY NUMBER 2, WV US",64,0,233,100
5/5/2011,3819,4433,USC00461397,5/28/2011,39.0483,-79.4406,991.8,"CANAAN VALLEY NUMBER 2, WV US",211,0,272,111
5/6/2011,3714,4608,USC00461397,5/29/2011,39.0483,-79.4406,991.8,"CANAAN VALLEY NUMBER 2, WV US",0,0,256,139
5/7/2011,3102,4714,USC00461397,5/30/2011,39.0483,-79.4406,991.8,"CANAAN VALLEY NUMBER 2, WV US",0,0,289,167
5/8/2011,2932,4333,USC00461397,5/31/2011,39.0483,-79.4406,991.8,"CANAAN VALLEY NUMBER 2, WV US",0,0,289,111
5/9/2011,3698,4362,USC00461397,6/1/2011,39.0483,-79.4406,991.8,"CANAAN VALLEY NUMBER 2, WV US",0,0,289,122
5/10/2011,4109,4803,USC00461397,6/2/2011,39.0483,-79.4406,991.8,"CANAAN VALLEY NUMBER 2, WV US",0,0,278,128
5/11/2011,3632,4182,USC00461397,6/3/2011,39.0483,-79.4406,991.8,"CANAAN VALLEY NUMBER 2, WV US",0,0,228,33
5/12/2011,4169,4864,USC00461397,6/4/2011,39.0483,-79.4406,991.8,"CANAAN VALLEY NUMBER 2, WV US",0,0,228,22
5/13/2011,3413,4105,USC00461397,6/5/2011,39.0483,-79.4406,991.8,"CANAAN VALLEY NUMBER 2, WV US",36,0,261,67
5/14/2011,2507,3409,USC00461397,6/6/2011,39.0483,-79.4406,991.8,"CANAAN VALLEY NUMBER 2, WV US",0,0,239,94
5/15/2011,2971,4553,USC00461397,6/7/2011,39.0483,-79.4406,991.8,"CANAAN VALLEY NUMBER 2, WV US",0,0,250,67
5/16/2011,3185,3958,USC00461397,6/8/2011,39.0483,-79.4406,991.8,"CANAAN VALLEY NUMBER 2, WV US",0,0,250,67
5/17/2011,3445,4123,USC00461397,6/11/2011,39.0483,-79.4406,991.8,"CANAAN VALLEY NUMBER 2, WV US",572,0,278,128
5/18/2011,3319,3855,USC00461397,6/12/2011,39.0483,-79.4406,991.8,"CANAAN VALLEY NUMBER 2, WV US",13,0,261,122
5/19/2011,3840,4575,USC00461397,6/13/2011,39.0483,-79.4406,991.8,"CANAAN VALLEY NUMBER 2, WV US",66,0,239,106
5/20/2011,4008,4917,USC00461397,6/15/2011,39.0483,-79.4406,991.8,"CANAAN VALLEY NUMBER 2, WV US",0,0,167,28
5/21/2011,3547,5805,USC00461397,6/16/2011,39.0483,-79.4406,991.8,"CANAAN VALLEY NUMBER 2, WV US",13,0,211,67
5/22/2011,3084,4660,USC00461397,6/17/2011,39.0483,-79.4406,991.8,"CANAAN VALLEY NUMBER 2, WV US",86,0,217,67
5/23/2011,3438,4274,USC00461397,6/18/2011,39.0483,-79.4406,991.8,"CANAAN VALLEY NUMBER 2, WV US",142,0,233,128
5/24/2011,3833,4492,USC00461397,6/19/2011,39.0483,-79.4406,991.8,"CANAAN VALLEY NUMBER 2, WV US",229,0,244,150
5/25/2011,4238,4978,USC00461397,6/20/2011,39.0483,-79.4406,991.8,"CANAAN VALLEY NUMBER 2, WV US",513,0,244,150
5/26/2011,3919,4677,USC00461397,6/21/2011,39.0483,-79.4406,991.8,"CANAAN VALLEY NUMBER 2, WV US",13,0,233,144
5/27/2011,3808,4679,USC00461397,6/22/2011,39.0483,-79.4406,991.8,"CANAAN VALLEY NUMBER 2, WV US",28,0,256,156
5/28/2011,2757,4758,USC00461397,6/23/2011,39.0483,-79.4406,991.8,"CANAAN VALLEY NUMBER 2, WV US",0,0,267,172
5/29/2011,2433,4788,USC00461397,6/24/2011,39.0483,-79.4406,991.8,"CANAAN VALLEY NUMBER 2, WV US",127,0,233,139
5/30/2011,2549,4098,USC00461397,6/25/2011,39.0483,-79.4406,991.8,"CANAAN VALLEY NUMBER 2, WV US",127,0,183,128
5/31/2011,3309,3982,USC00461397,6/26/2011,39.0483,-79.4406,991.8,"CANAAN VALLEY NUMBER 2, WV US",0,0,178,94
6/1/2011,3461,3974,USC00461397,6/27/2011,39.0483,-79.4406,991.8,"CANAAN VALLEY NUMBER 2, WV US",0,0,206,122
6/2/2011,4232,4968,USC00461397,6/28/2011,39.0483,-79.4406,991.8,"CANAAN VALLEY NUMBER 2, WV US",66,0,244,150
6/3/2011,4414,5312,USC00461397,6/29/2011,39.0483,-79.4406,991.8,"CANAAN VALLEY NUMBER 2, WV US",0,0,256,117
6/4/2011,3473,5342,USC00461397,6/30/2011,39.0483,-79.4406,991.8,"CANAAN VALLEY NUMBER 2, WV US",0,0,222,61
6/5/2011,3221,4906,USC00461397,7/1/2011,39.0483,-79.4406,991.8,"CANAAN VALLEY NUMBER 2, WV US",0,0,228,56
6/6/2011,3875,4548,USC00461397,7/2/2011,39.0483,-79.4406,991.8,"CANAAN VALLEY NUMBER 2, WV US",0,0,250,72
6/7/2011,4070,4833,USC00461397,7/3/2011,39.0483,-79.4406,991.8,"CANAAN VALLEY NUMBER 2, WV US",0,0,261,111
6/8/2011,3725,4401,USC00461397,7/4/2011,39.0483,-79.4406,991.8,"CANAAN VALLEY NUMBER 2, WV US",117,0,283,111
6/9/2011,3352,3915,USC00461397,7/5/2011,39.0483,-79.4406,991.8,"CANAAN VALLEY NUMBER 2, WV US",320,0,228,128
6/10/2011,3771,4586,USC00461397,7/6/2011,39.0483,-79.4406,991.8,"CANAAN VALLEY NUMBER 2, WV US",0,0,250,100
6/11/2011,3237,4966,USC00461397,7/7/2011,39.0483,-79.4406,991.8,"CANAAN VALLEY NUMBER 2, WV US",0,0,267,106
6/12/2011,2993,4460,USC00461397,7/11/2011,39.0483,-79.4406,991.8,"CANAAN VALLEY NUMBER 2, WV US",0,0,289,94
6/13/2011,4157,5020,USC00461397,7/12/2011,39.0483,-79.4406,991.8,"CANAAN VALLEY NUMBER 2, WV US",43,0,300,167
6/14/2011,4164,4891,USC00461397,7/13/2011,39.0483,-79.4406,991.8,"CANAAN VALLEY NUMBER 2, WV US",0,0,267,178
6/15/2011,4411,5180,USC00461397,7/14/2011,39.0483,-79.4406,991.8,"CANAAN VALLEY NUMBER 2, WV US",274,0,256,78
6/16/2011,3222,3767,USC00461397,7/15/2011,39.0483,-79.4406,991.8,"CANAAN VALLEY NUMBER 2, WV US",0,0,222,94
6/17/2011,3981,4844,USC00461397,7/16/2011,39.0483,-79.4406,991.8,"CANAAN VALLEY NUMBER 2, WV US",0,0,239,72
6/18/2011,3312,5119,USC00461397,7/17/2011,39.0483,-79.4406,991.8,"CANAAN VALLEY NUMBER 2, WV US",0,0,256,100
6/19/2011,3105,4744,USC00461397,7/18/2011,39.0483,-79.4406,991.8,"CANAAN VALLEY NUMBER 2, WV US",15,0,244,133
6/20/2011,3311,4010,USC00461397,7/19/2011,39.0483,-79.4406,991.8,"CANAAN VALLEY NUMBER 2, WV US",48,0,278,178
6/21/2011,4061,4835,USC00461397,7/20/2011,39.0483,-79.4406,991.8,"CANAAN VALLEY NUMBER 2, WV US",0,0,272,178
6/22/2011,3846,4507,USC00461397,7/21/2011,39.0483,-79.4406,991.8,"CANAAN VALLEY NUMBER 2, WV US",0,0,294,144
6/23/2011,4044,4790,USC00461397,7/23/2011,39.0483,-79.4406,991.8,"CANAAN VALLEY NUMBER 2, WV US",0,0,322,211
6/24/2011,4022,4991,USC00461397,7/24/2011,39.0483,-79.4406,991.8,"CANAAN VALLEY NUMBER 2, WV US",86,0,311,206
6/25/2011,3420,5202,USC00461397,7/25/2011,39.0483,-79.4406,991.8,"CANAAN VALLEY NUMBER 2, WV US",122,0,267,178
6/26/2011,3385,5305,USC00461397,7/26/2011,39.0483,-79.4406,991.8,"CANAAN VALLEY NUMBER 2, WV US",0,0,250,150
6/27/2011,3854,4708,USC00461397,7/27/2011,39.0483,-79.4406,991.8,"CANAAN VALLEY NUMBER 2, WV US",81,0,278,128
6/28/2011,3916,4648,USC00461397,7/28/2011,39.0483,-79.4406,991.8,"CANAAN VALLEY NUMBER 2, WV US",0,0,267,117
6/29/2011,4377,5225,USC00461397,7/29/2011,39.0483,-79.4406,991.8,"CANAAN VALLEY NUMBER 2, WV US",0,0,283,150
6/30/2011,4488,5515,USC00461397,7/30/2011,39.0483,-79.4406,991.8,"CANAAN VALLEY NUMBER 2, WV US",38,0,289,178
7/1/2011,4116,5362,USC00461397,7/31/2011,39.0483,-79.4406,991.8,"CANAAN VALLEY NUMBER 2, WV US",0,0,256,111
7/2/2011,2915,5119,USC00461397,8/1/2011,39.0483,-79.4406,991.8,"CANAAN VALLEY NUMBER 2, WV US",0,0,278,94
7/3/2011,2367,4649,USC00461397,8/2/2011,39.0483,-79.4406,991.8,"CANAAN VALLEY NUMBER 2, WV US",0,0,267,133
7/4/2011,2978,6043,USC00461397,8/3/2011,39.0483,-79.4406,991.8,"CANAAN VALLEY NUMBER 2, WV US",15,0,272,133
7/5/2011,3634,4665,USC00461397,8/4/2011,39.0483,-79.4406,991.8,"CANAAN VALLEY NUMBER 2, WV US",66,0,228,183
7/6/2011,3845,4629,USC00461397,8/5/2011,39.0483,-79.4406,991.8,"CANAAN VALLEY NUMBER 2, WV US",0,0,267,189
7/7/2011,3838,4592,USC00461397,8/6/2011,39.0483,-79.4406,991.8,"CANAAN VALLEY NUMBER 2, WV US",38,0,278,183
7/8/2011,3348,4040,USC00461397,8/7/2011,39.0483,-79.4406,991.8,"CANAAN VALLEY NUMBER 2, WV US",328,0,239,189
7/9/2011,3348,5336,USC00461397,8/8/2011,39.0483,-79.4406,991.8,"CANAAN VALLEY NUMBER 2, WV US",79,0,244,167
7/10/2011,3138,4881,USC00461397,8/9/2011,39.0483,-79.4406,991.8,"CANAAN VALLEY NUMBER 2, WV US",203,0,256,172
7/11/2011,3363,4086,USC00461397,8/10/2011,39.0483,-79.4406,991.8,"CANAAN VALLEY NUMBER 2, WV US",178,0,228,172
7/12/2011,3596,4258,USC00461397,8/11/2011,39.0483,-79.4406,991.8,"CANAAN VALLEY NUMBER 2, WV US",0,0,233,94
7/13/2011,3594,4342,USC00461397,8/12/2011,39.0483,-79.4406,991.8,"CANAAN VALLEY NUMBER 2, WV US",0,0,228,61
7/14/2011,4196,5084,USC00461397,8/13/2011,39.0483,-79.4406,991.8,"CANAAN VALLEY NUMBER 2, WV US",0,0,256,89
7/15/2011,4220,5538,USC00461397,8/14/2011,39.0483,-79.4406,991.8,"CANAAN VALLEY NUMBER 2, WV US",89,0,261,144
7/16/2011,3505,5923,USC00461397,8/15/2011,39.0483,-79.4406,991.8,"CANAAN VALLEY NUMBER 2, WV US",86,0,250,133
7/17/2011,3296,5302,USC00461397,8/16/2011,39.0483,-79.4406,991.8,"CANAAN VALLEY NUMBER 2, WV US",8,0,217,133
7/18/2011,3617,4458,USC00461397,8/17/2011,39.0483,-79.4406,991.8,"CANAAN VALLEY NUMBER 2, WV US",0,0,233,78
7/19/2011,3789,4541,USC00461397,8/18/2011,39.0483,-79.4406,991.8,"CANAAN VALLEY NUMBER 2, WV US",0,0,267,78
7/20/2011,3688,4332,USC00461397,8/20/2011,39.0483,-79.4406,991.8,"CANAAN VALLEY NUMBER 2, WV US",28,0,267,78
7/21/2011,3152,3784,USC00461397,8/21/2011,39.0483,-79.4406,991.8,"CANAAN VALLEY NUMBER 2, WV US",10,0,261,78
7/22/2011,2825,3387,USC00461397,8/22/2011,39.0483,-79.4406,991.8,"CANAAN VALLEY NUMBER 2, WV US",216,0,261,122
7/23/2011,2298,3285,USC00461397,8/23/2011,39.0483,-79.4406,991.8,"CANAAN VALLEY NUMBER 2, WV US",0,0,217,50
7/24/2011,2556,3606,USC00461397,8/24/2011,39.0483,-79.4406,991.8,"CANAAN VALLEY NUMBER 2, WV US",0,0,222,56
7/25/2011,3272,3840,USC00461397,8/25/2011,39.0483,-79.4406,991.8,"CANAAN VALLEY NUMBER 2, WV US",86,0,256,122
7/26/2011,3840,4590,USC00461397,8/26/2011,39.0483,-79.4406,991.8,"CANAAN VALLEY NUMBER 2, WV US",264,0,233,122
7/27/2011,3901,4656,USC00461397,8/27/2011,39.0483,-79.4406,991.8,"CANAAN VALLEY NUMBER 2, WV US",0,0,267,133
7/28/2011,3784,4390,USC00461397,8/28/2011,39.0483,-79.4406,991.8,"CANAAN VALLEY NUMBER 2, WV US",51,0,233,133
7/29/2011,3176,3846,USC00461397,8/29/2011,39.0483,-79.4406,991.8,"CANAAN VALLEY NUMBER 2, WV US",10,0,211,100
7/30/2011,2916,4475,USC00461397,8/30/2011,39.0483,-79.4406,991.8,"CANAAN VALLEY NUMBER 2, WV US",58,0,200,67
7/31/2011,2778,4302,USC00461397,8/31/2011,39.0483,-79.4406,991.8,"CANAAN VALLEY NUMBER 2, WV US",0,0,250,89
8/1/2011,3537,4266,USC00461397,9/1/2011,39.0483,-79.4406,991.8,"CANAAN VALLEY NUMBER 2, WV US",0,0,261,111
8/2/2011,4044,4845,USC00461397,9/2/2011,39.0483,-79.4406,991.8,"CANAAN VALLEY NUMBER 2, WV US",102,0,228,150
8/3/2011,3107,3574,USC00461397,9/3/2011,39.0483,-79.4406,991.8,"CANAAN VALLEY NUMBER 2, WV US",8,0,278,150
8/4/2011,3777,4576,USC00461397,9/4/2011,39.0483,-79.4406,991.8,"CANAAN VALLEY NUMBER 2, WV US",0,0,294,167
8/5/2011,3843,4866,USC00461397,9/5/2011,39.0483,-79.4406,991.8,"CANAAN VALLEY NUMBER 2, WV US",333,0,283,144
8/6/2011,2773,4294,USC00461397,9/6/2011,39.0483,-79.4406,991.8,"CANAAN VALLEY NUMBER 2, WV US",384,0,206,106
8/7/2011,2487,3785,USC00461397,9/8/2011,39.0483,-79.4406,991.8,"CANAAN VALLEY NUMBER 2, WV US",0,0,183,111
8/8/2011,3480,4326,USC00461397,9/9/2011,39.0483,-79.4406,991.8,"CANAAN VALLEY NUMBER 2, WV US",8,0,217,133
8/9/2011,3695,4602,USC00461397,9/11/2011,39.0483,-79.4406,991.8,"CANAAN VALLEY NUMBER 2, WV US",0,0,217,89
8/10/2011,3896,4780,USC00461397,9/12/2011,39.0483,-79.4406,991.8,"CANAAN VALLEY NUMBER 2, WV US",20,0,233,83
8/11/2011,3980,4792,USC00461397,9/13/2011,39.0483,-79.4406,991.8,"CANAAN VALLEY NUMBER 2, WV US",0,0,206,83
8/12/2011,3854,4905,USC00461397,9/14/2011,39.0483,-79.4406,991.8,"CANAAN VALLEY NUMBER 2, WV US",0,0,233,128
8/13/2011,2646,4150,USC00461397,9/15/2011,39.0483,-79.4406,991.8,"CANAAN VALLEY NUMBER 2, WV US",114,0,256,117
8/14/2011,2482,3820,USC00461397,9/16/2011,39.0483,-79.4406,991.8,"CANAAN VALLEY NUMBER 2, WV US",20,0,133,-17
8/15/2011,3563,4338,USC00461397,9/17/2011,39.0483,-79.4406,991.8,"CANAAN VALLEY NUMBER 2, WV US",0,0,139,-11
8/16/2011,4004,4725,USC00461397,9/18/2011,39.0483,-79.4406,991.8,"CANAAN VALLEY NUMBER 2, WV US",0,0,144,78
8/17/2011,4026,4694,USC00461397,9/19/2011,39.0483,-79.4406,991.8,"CANAAN VALLEY NUMBER 2, WV US",0,0,150,39
8/18/2011,3166,3805,USC00461397,9/20/2011,39.0483,-79.4406,991.8,"CANAAN VALLEY NUMBER 2, WV US",61,0,183,67
8/19/2011,3356,4153,USC00461397,9/21/2011,39.0483,-79.4406,991.8,"CANAAN VALLEY NUMBER 2, WV US",0,0,194,89
8/20/2011,3277,5191,USC00461397,9/22/2011,39.0483,-79.4406,991.8,"CANAAN VALLEY NUMBER 2, WV US",20,0,217,100
8/21/2011,2624,3873,USC00461397,9/23/2011,39.0483,-79.4406,991.8,"CANAAN VALLEY NUMBER 2, WV US",0,0,217,133
8/22/2011,3925,4758,USC00461397,9/24/2011,39.0483,-79.4406,991.8,"CANAAN VALLEY NUMBER 2, WV US",94,0,183,111
8/23/2011,4614,5895,USC00461397,9/25/2011,39.0483,-79.4406,991.8,"CANAAN VALLEY NUMBER 2, WV US",8,0,194,111
8/24/2011,4181,5130,USC00461397,9/26/2011,39.0483,-79.4406,991.8,"CANAAN VALLEY NUMBER 2, WV US",0,0,233,111
8/25/2011,3107,3542,USC00461397,9/27/2011,39.0483,-79.4406,991.8,"CANAAN VALLEY NUMBER 2, WV US",89,0,244,133
8/26/2011,3893,4661,USC00461397,9/28/2011,39.0483,-79.4406,991.8,"CANAAN VALLEY NUMBER 2, WV US",13,0,233,111
8/27/2011,889,1115,USC00461397,9/29/2011,39.0483,-79.4406,991.8,"CANAAN VALLEY NUMBER 2, WV US",13,0,200,100
8/28/2011,2919,4334,USC00461397,10/1/2011,39.0483,-79.4406,991.8,"CANAAN VALLEY NUMBER 2, WV US",97,0,156,11
8/29/2011,3905,4634,USC00461397,10/2/2011,39.0483,-79.4406,991.8,"CANAAN VALLEY NUMBER 2, WV US",229,51,39,0
8/30/2011,4429,5204,USC00461397,10/3/2011,39.0483,-79.4406,991.8,"CANAAN VALLEY NUMBER 2, WV US",124,51,28,0
8/31/2011,4370,5058,USC00461397,10/4/2011,39.0483,-79.4406,991.8,"CANAAN VALLEY NUMBER 2, WV US",86,0,67,0
9/1/2011,4332,5115,USC00461397,10/5/2011,39.0483,-79.4406,991.8,"CANAAN VALLEY NUMBER 2, WV US",10,0,89,61
9/2/2011,3852,4727,USC00461397,10/20/2011,39.0483,-79.4406,991.8,"CANAAN VALLEY NUMBER 2, WV US",76,0,144,28
9/3/2011,2549,4484,USC00461397,10/21/2011,39.0483,-79.4406,991.8,"CANAAN VALLEY NUMBER 2, WV US",64,0,61,11
9/4/2011,2419,4940,USC00461397,10/22/2011,39.0483,-79.4406,991.8,"CANAAN VALLEY NUMBER 2, WV US",10,0,39,11
9/5/2011,2115,3351,USC00461397,10/23/2011,39.0483,-79.4406,991.8,"CANAAN VALLEY NUMBER 2, WV US",0,0,117,-56
9/6/2011,2506,2710,USC00461397,10/24/2011,39.0483,-79.4406,991.8,"CANAAN VALLEY NUMBER 2, WV US",0,0,133,-56
9/7/2011,1878,1996,USC00461397,10/25/2011,39.0483,-79.4406,991.8,"CANAAN VALLEY NUMBER 2, WV US",97,0,144,28
9/8/2011,1689,1842,USC00461397,10/26/2011,39.0483,-79.4406,991.8,"CANAAN VALLEY NUMBER 2, WV US",0,0,144,39
9/9/2011,3127,3544,USC00461397,10/27/2011,39.0483,-79.4406,991.8,"CANAAN VALLEY NUMBER 2, WV US",239,0,150,94
9/10/2011,3595,5345,USC00461397,10/28/2011,39.0483,-79.4406,991.8,"CANAAN VALLEY NUMBER 2, WV US",102,0,111,-39
9/11/2011,3413,5046,USC00461397,10/29/2011,39.0483,-79.4406,991.8,"CANAAN VALLEY NUMBER 2, WV US",102,165,17,-33
9/12/2011,4023,4713,USC00461397,10/30/2011,39.0483,-79.4406,991.8,"CANAAN VALLEY NUMBER 2, WV US",30,102,17,-39
9/13/2011,4062,4763,USC00461397,10/31/2011,39.0483,-79.4406,991.8,"CANAAN VALLEY NUMBER 2, WV US",0,0,56,-28
9/14/2011,4138,4785,USC00461397,11/1/2011,39.0483,-79.4406,991.8,"CANAAN VALLEY NUMBER 2, WV US",0,0,67,-56
9/15/2011,3231,3659,USC00461397,11/2/2011,39.0483,-79.4406,991.8,"CANAAN VALLEY NUMBER 2, WV US",0,0,106,-56
9/16/2011,4018,4760,USC00461397,11/3/2011,39.0483,-79.4406,991.8,"CANAAN VALLEY NUMBER 2, WV US",0,0,150,-56
9/17/2011,3077,4511,USC00461397,11/4/2011,39.0483,-79.4406,991.8,"CANAAN VALLEY NUMBER 2, WV US",0,0,167,0
9/18/2011,2921,4274,USC00461397,11/5/2011,39.0483,-79.4406,991.8,"CANAAN VALLEY NUMBER 2, WV US",0,0,167,-44
9/19/2011,3848,4539,USC00461397,11/6/2011,39.0483,-79.4406,991.8,"CANAAN VALLEY NUMBER 2, WV US",0,0,78,-50
9/20/2011,3203,3641,USC00461397,11/7/2011,39.0483,-79.4406,991.8,"CANAAN VALLEY NUMBER 2, WV US",0,0,156,-44
9/21/2011,3813,4352,USC00461397,11/8/2011,39.0483,-79.4406,991.8,"CANAAN VALLEY NUMBER 2, WV US",0,0,150,-61
9/22/2011,4240,4795,USC00461397,11/9/2011,39.0483,-79.4406,991.8,"CANAAN VALLEY NUMBER 2, WV US",0,0,200,-61
9/23/2011,2137,2395,USC00461397,11/10/2011,39.0483,-79.4406,991.8,"CANAAN VALLEY NUMBER 2, WV US",8,0,200,-39
9/24/2011,3647,5423,USC00461397,11/17/2011,39.0483,-79.4406,991.8,"CANAAN VALLEY NUMBER 2, WV US",231,0,183,-44
9/25/2011,3466,5010,USC00461397,11/18/2011,39.0483,-79.4406,991.8,"CANAAN VALLEY NUMBER 2, WV US",30,25,-11,-89
9/26/2011,3946,4630,USC00461397,11/19/2011,39.0483,-79.4406,991.8,"CANAAN VALLEY NUMBER 2, WV US",0,0,17,-67
9/27/2011,3643,4120,USC00461397,11/20/2011,39.0483,-79.4406,991.8,"CANAAN VALLEY NUMBER 2, WV US",13,0,117,-11
9/28/2011,3427,3907,USC00461397,11/21/2011,39.0483,-79.4406,991.8,"CANAAN VALLEY NUMBER 2, WV US",38,0,111,94
9/29/2011,4186,4839,USC00461397,11/22/2011,39.0483,-79.4406,991.8,"CANAAN VALLEY NUMBER 2, WV US",84,0,117,89
9/30/2011,4372,5202,USC00461397,11/23/2011,39.0483,-79.4406,991.8,"CANAAN VALLEY NUMBER 2, WV US",394,0,122,67
10/1/2011,1949,2429,USC00461397,11/25/2011,39.0483,-79.4406,991.8,"CANAAN VALLEY NUMBER 2, WV US",0,0,78,-28
10/2/2011,2302,2918,USC00461397,11/26/2011,39.0483,-79.4406,991.8,"CANAAN VALLEY NUMBER 2, WV US",0,0,128,-28
10/3/2011,3240,3570,USC00461397,11/27/2011,39.0483,-79.4406,991.8,"CANAAN VALLEY NUMBER 2, WV US",0,0,122,6
10/4/2011,3970,4456,USC00461397,11/28/2011,39.0483,-79.4406,991.8,"CANAAN VALLEY NUMBER 2, WV US",0,0,161,33
10/5/2011,4267,4826,USC00461397,11/29/2011,39.0483,-79.4406,991.8,"CANAAN VALLEY NUMBER 2, WV US",135,0,144,117
10/6/2011,4126,4765,USC00461397,11/30/2011,39.0483,-79.4406,991.8,"CANAAN VALLEY NUMBER 2, WV US",140,64,117,-28
10/7/2011,4036,4985,USC00461397,12/1/2011,39.0483,-79.4406,991.8,"CANAAN VALLEY NUMBER 2, WV US",23,25,-22,-56
10/8/2011,3174,5409,USC00461397,12/2/2011,39.0483,-79.4406,991.8,"CANAAN VALLEY NUMBER 2, WV US",0,0,33,-72
10/9/2011,3114,5511,USC00461397,12/4/2011,39.0483,-79.4406,991.8,"CANAAN VALLEY NUMBER 2, WV US",0,0,89,-72
10/10/2011,3603,5117,USC00461397,12/5/2011,39.0483,-79.4406,991.8,"CANAAN VALLEY NUMBER 2, WV US",0,0,139,-28
10/11/2011,3896,4563,USC00461397,12/6/2011,39.0483,-79.4406,991.8,"CANAAN VALLEY NUMBER 2, WV US",46,0,111,56
10/12/2011,2199,2416,USC00461397,12/7/2011,39.0483,-79.4406,991.8,"CANAAN VALLEY NUMBER 2, WV US",18,0,106,28
10/13/2011,2623,2913,USC00461397,12/8/2011,39.0483,-79.4406,991.8,"CANAAN VALLEY NUMBER 2, WV US",330,203,67,-72
10/14/2011,3115,3644,USC00461397,12/9/2011,39.0483,-79.4406,991.8,"CANAAN VALLEY NUMBER 2, WV US",0,0,-39,-122
10/15/2011,3318,5217,USC00461397,12/10/2011,39.0483,-79.4406,991.8,"CANAAN VALLEY NUMBER 2, WV US",0,0,11,-83
10/16/2011,3293,5041,USC00461397,12/11/2011,39.0483,-79.4406,991.8,"CANAAN VALLEY NUMBER 2, WV US",0,0,-33,-156
10/17/2011,3857,4570,USC00461397,12/12/2011,39.0483,-79.4406,991.8,"CANAAN VALLEY NUMBER 2, WV US",0,0,17,-144
10/18/2011,4111,4748,USC00461397,12/13/2011,39.0483,-79.4406,991.8,"CANAAN VALLEY NUMBER 2, WV US",0,0,44,-139
10/19/2011,2170,2424,USC00461397,12/14/2011,39.0483,-79.4406,991.8,"CANAAN VALLEY NUMBER 2, WV US",0,0,56,-44
10/20/2011,3724,4195,USC00461397,12/15/2011,39.0483,-79.4406,991.8,"CANAAN VALLEY NUMBER 2, WV US",18,0,106,11
10/21/2011,3628,4304,USC00461397,12/17/2011,39.0483,-79.4406,991.8,"CANAAN VALLEY NUMBER 2, WV US",0,0,-11,-56
10/22/2011,2809,4308,USC00461397,12/19/2011,39.0483,-79.4406,991.8,"CANAAN VALLEY NUMBER 2, WV US",0,0,-39,-78
10/23/2011,2762,4381,USC00461397,12/20/2011,39.0483,-79.4406,991.8,"CANAAN VALLEY NUMBER 2, WV US",13,0,56,-56
10/24/2011,3488,4187,USC00461397,12/21/2011,39.0483,-79.4406,991.8,"CANAAN VALLEY NUMBER 2, WV US",0,0,78,22
10/25/2011,3992,4687,USC00461397,12/22/2011,39.0483,-79.4406,991.8,"CANAAN VALLEY NUMBER 2, WV US",23,0,128,33
10/26/2011,3490,3894,USC00461397,12/23/2011,39.0483,-79.4406,991.8,"CANAAN VALLEY NUMBER 2, WV US",198,0,106,0
10/27/2011,2419,2659,USC00461397,12/24/2011,39.0483,-79.4406,991.8,"CANAAN VALLEY NUMBER 2, WV US",36,13,6,-39
10/28/2011,3291,3747,USC00461397,12/26/2011,39.0483,-79.4406,991.8,"CANAAN VALLEY NUMBER 2, WV US",0,0,39,-61
10/29/2011,570,627,USC00461397,12/27/2011,39.0483,-79.4406,991.8,"CANAAN VALLEY NUMBER 2, WV US",13,0,61,-44
10/30/2011,2446,3331,USC00461397,12/28/2011,39.0483,-79.4406,991.8,"CANAAN VALLEY NUMBER 2, WV US",180,76,67,-39
10/31/2011,3307,3669,USC00461397,12/29/2011,39.0483,-79.4406,991.8,"CANAAN VALLEY NUMBER 2, WV US",0,0,-39,-67
11/1/2011,3658,4068,USC00461397,1/2/2012,39.0483,-79.4406,991.8,"CANAAN VALLEY NUMBER 2, WV US",81,51,94,-78
11/2/2011,3816,4186,USC00461397,1/3/2012,39.0483,-79.4406,991.8,"CANAAN VALLEY NUMBER 2, WV US",38,330,-67,-122
11/3/2011,3656,3974,USC00461397,1/4/2012,39.0483,-79.4406,991.8,"CANAAN VALLEY NUMBER 2, WV US",30,76,-111,-156
11/4/2011,3576,4046,USC00461397,1/5/2012,39.0483,-79.4406,991.8,"CANAAN VALLEY NUMBER 2, WV US",13,25,-22,-117
11/5/2011,2770,3926,USC00461397,1/6/2012,39.0483,-79.4406,991.8,"CANAAN VALLEY NUMBER 2, WV US",0,0,28,-44
11/6/2011,2697,3649,USC00461397,1/7/2012,39.0483,-79.4406,991.8,"CANAAN VALLEY NUMBER 2, WV US",0,0,100,22
11/7/2011,3662,4035,USC00461397,1/8/2012,39.0483,-79.4406,991.8,"CANAAN VALLEY NUMBER 2, WV US",0,0,83,-28
11/8/2011,3829,4205,USC00461397,1/9/2012,39.0483,-79.4406,991.8,"CANAAN VALLEY NUMBER 2, WV US",0,0,22,-56
11/9/2011,3804,4109,USC00461397,1/10/2012,39.0483,-79.4406,991.8,"CANAAN VALLEY NUMBER 2, WV US",0,0,33,-33
11/10/2011,2743,2933,USC00461397,1/11/2012,39.0483,-79.4406,991.8,"CANAAN VALLEY NUMBER 2, WV US",0,0,39,-78
11/11/2011,2928,3368,USC00461397,1/12/2012,39.0483,-79.4406,991.8,"CANAAN VALLEY NUMBER 2, WV US",190,0,50,6
11/12/2011,2792,4067,USC00461397,1/13/2012,39.0483,-79.4406,991.8,"CANAAN VALLEY NUMBER 2, WV US",102,102,61,-122
11/13/2011,2713,3717,USC00461397,1/14/2012,39.0483,-79.4406,991.8,"CANAAN VALLEY NUMBER 2, WV US",38,127,-100,-122
11/14/2011,3891,4486,USC00461397,1/15/2012,39.0483,-79.4406,991.8,"CANAAN VALLEY NUMBER 2, WV US",18,76,-83,-128
11/15/2011,3746,4195,USC00461397,1/16/2012,39.0483,-79.4406,991.8,"CANAAN VALLEY NUMBER 2, WV US",0,0,-83,-189
11/16/2011,1672,1817,USC00461397,1/17/2012,39.0483,-79.4406,991.8,"CANAAN VALLEY NUMBER 2, WV US",201,0,61,-106
11/17/2011,2914,3053,USC00461397,1/18/2012,39.0483,-79.4406,991.8,"CANAAN VALLEY NUMBER 2, WV US",76,25,106,-67
11/18/2011,3147,3392,USC00461397,1/19/2012,39.0483,-79.4406,991.8,"CANAAN VALLEY NUMBER 2, WV US",13,13,-56,-139
11/19/2011,2720,3663,USC00461397,1/20/2012,39.0483,-79.4406,991.8,"CANAAN VALLEY NUMBER 2, WV US",38,102,6,-139
11/20/2011,2733,3520,USC00461397,1/21/2012,39.0483,-79.4406,991.8,"CANAAN VALLEY NUMBER 2, WV US",97,0,17,-67
11/21/2011,2545,2765,USC00461397,1/22/2012,39.0483,-79.4406,991.8,"CANAAN VALLEY NUMBER 2, WV US",0,0,133,-78
11/22/2011,1538,1607,USC00461397,1/23/2012,39.0483,-79.4406,991.8,"CANAAN VALLEY NUMBER 2, WV US",13,0,61,-67
11/23/2011,2454,2566,USC00461397,1/24/2012,39.0483,-79.4406,991.8,"CANAAN VALLEY NUMBER 2, WV US",10,0,117,11
11/24/2011,935,1495,USC00461397,1/25/2012,39.0483,-79.4406,991.8,"CANAAN VALLEY NUMBER 2, WV US",0,0,56,-33
11/25/2011,1697,2792,USC00461397,1/26/2012,39.0483,-79.4406,991.8,"CANAAN VALLEY NUMBER 2, WV US",13,0,133,-22
11/26/2011,1819,3068,USC00461397,1/27/2012,39.0483,-79.4406,991.8,"CANAAN VALLEY NUMBER 2, WV US",168,0,122,56
11/27/2011,2261,3071,USC00461397,1/28/2012,39.0483,-79.4406,991.8,"CANAAN VALLEY NUMBER 2, WV US",53,13,78,-33
11/28/2011,3614,3867,USC00461397,1/29/2012,39.0483,-79.4406,991.8,"CANAAN VALLEY NUMBER 2, WV US",23,13,28,-83
11/29/2011,2818,2914,USC00461397,1/30/2012,39.0483,-79.4406,991.8,"CANAAN VALLEY NUMBER 2, WV US",38,63,11,-94
11/30/2011,3425,3613,USC00461397,1/31/2012,39.0483,-79.4406,991.8,"CANAAN VALLEY NUMBER 2, WV US",0,0,61,-83
12/1/2011,3545,3727,USC00461397,2/1/2012,39.0483,-79.4406,991.8,"CANAAN VALLEY NUMBER 2, WV US",13,0,117,39
12/2/2011,3672,3940,USC00461397,2/2/2012,39.0483,-79.4406,991.8,"CANAAN VALLEY NUMBER 2, WV US",89,0,72,39
12/3/2011,2908,3614,USC00461397,2/3/2012,39.0483,-79.4406,991.8,"CANAAN VALLEY NUMBER 2, WV US",0,0,67,-56
12/4/2011,2851,3485,USC00461397,2/4/2012,39.0483,-79.4406,991.8,"CANAAN VALLEY NUMBER 2, WV US",0,0,78,-67
12/5/2011,3578,3811,USC00461397,2/5/2012,39.0483,-79.4406,991.8,"CANAAN VALLEY NUMBER 2, WV US",69,5,28,-33
12/6/2011,2468,2594,USC00461397,2/7/2012,39.0483,-79.4406,991.8,"CANAAN VALLEY NUMBER 2, WV US",0,0,11,-39
12/7/2011,655,705,USC00461397,2/8/2012,39.0483,-79.4406,991.8,"CANAAN VALLEY NUMBER 2, WV US",0,0,56,-61
12/8/2011,3172,3322,USC00461397,2/9/2012,39.0483,-79.4406,991.8,"CANAAN VALLEY NUMBER 2, WV US",61,76,6,-72
12/9/2011,3359,3620,USC00461397,2/10/2012,39.0483,-79.4406,991.8,"CANAAN VALLEY NUMBER 2, WV US",0,0,-22,-83
12/10/2011,2688,3190,USC00461397,2/11/2012,39.0483,-79.4406,991.8,"CANAAN VALLEY NUMBER 2, WV US",53,8,-6,-56
12/11/2011,2366,2743,USC00461397,2/12/2012,39.0483,-79.4406,991.8,"CANAAN VALLEY NUMBER 2, WV US",71,15,-39,-167
12/12/2011,3167,3310,USC00461397,2/13/2012,39.0483,-79.4406,991.8,"CANAAN VALLEY NUMBER 2, WV US",13,3,-67,-150
12/13/2011,3368,3523,USC00461397,2/15/2012,39.0483,-79.4406,991.8,"CANAAN VALLEY NUMBER 2, WV US",38,3,50,-72
12/14/2011,3562,3740,USC00461397,2/16/2012,39.0483,-79.4406,991.8,"CANAAN VALLEY NUMBER 2, WV US",63,0,56,-33
12/15/2011,3528,3709,USC00461397,2/17/2012,39.0483,-79.4406,991.8,"CANAAN VALLEY NUMBER 2, WV US",119,0,50,-22
12/16/2011,3399,3577,USC00461397,2/18/2012,39.0483,-79.4406,991.8,"CANAAN VALLEY NUMBER 2, WV US",0,0,28,-50
12/17/2011,2464,2739,USC00461397,2/19/2012,39.0483,-79.4406,991.8,"CANAAN VALLEY NUMBER 2, WV US",0,0,78,-56
12/18/2011,2211,2431,USC00461397,2/20/2012,39.0483,-79.4406,991.8,"CANAAN VALLEY NUMBER 2, WV US",0,0,0,-78
12/19/2011,3143,3403,USC00461397,2/21/2012,39.0483,-79.4406,991.8,"CANAAN VALLEY NUMBER 2, WV US",0,0,39,-56
12/20/2011,3534,3750,USC00461397,2/22/2012,39.0483,-79.4406,991.8,"CANAAN VALLEY NUMBER 2, WV US",0,0,78,-6
12/21/2011,2553,2660,USC00461397,2/23/2012,39.0483,-79.4406,991.8,"CANAAN VALLEY NUMBER 2, WV US",112,0,100,6
12/22/2011,2841,3068,USC00461397,2/24/2012,39.0483,-79.4406,991.8,"CANAAN VALLEY NUMBER 2, WV US",127,0,106,28
12/23/2011,2046,2209,USC00461397,2/25/2012,39.0483,-79.4406,991.8,"CANAAN VALLEY NUMBER 2, WV US",74,10,139,-78
12/24/2011,856,1011,USC00461397,2/26/2012,39.0483,-79.4406,991.8,"CANAAN VALLEY NUMBER 2, WV US",30,8,-50,-117
12/25/2011,451,754,USC00461397,2/27/2012,39.0483,-79.4406,991.8,"CANAAN VALLEY NUMBER 2, WV US",0,0,44,-78
12/26/2011,887,1317,USC00461397,2/28/2012,39.0483,-79.4406,991.8,"CANAAN VALLEY NUMBER 2, WV US",0,0,111,-72
12/27/2011,1059,1162,USC00461397,2/29/2012,39.0483,-79.4406,991.8,"CANAAN VALLEY NUMBER 2, WV US",137,0,128,-22
12/28/2011,2047,2302,USC00461397,3/1/2012,39.0483,-79.4406,991.8,"CANAAN VALLEY NUMBER 2, WV US",574,0,139,39
12/29/2011,2169,2423,USC00461397,3/2/2012,39.0483,-79.4406,991.8,"CANAAN VALLEY NUMBER 2, WV US",0,0,100,-39
12/30/2011,2508,2999,USC00461397,3/3/2012,39.0483,-79.4406,991.8,"CANAAN VALLEY NUMBER 2, WV US",203,0,128,-11
12/31/2011,1820,2485,USC00461397,3/5/2012,39.0483,-79.4406,991.8,"CANAAN VALLEY NUMBER 2, WV US",30,5,61,-83
1/1/2012,1608,2294,USC00461397,3/7/2012,39.0483,-79.4406,991.8,"CANAAN VALLEY NUMBER 2, WV US",0,0,94,-150
1/2/2012,1707,1951,USC00461397,3/8/2012,39.0483,-79.4406,991.8,"CANAAN VALLEY NUMBER 2, WV US",0,0,161,56
1/3/2012,2147,2236,USC00461397,3/9/2012,39.0483,-79.4406,991.8,"CANAAN VALLEY NUMBER 2, WV US",0,0,183,-33
1/4/2012,2273,2368,USC00461397,3/10/2012,39.0483,-79.4406,991.8,"CANAAN VALLEY NUMBER 2, WV US",0,0,50,-83
1/5/2012,3132,3272,USC00461397,3/11/2012,39.0483,-79.4406,991.8,"CANAAN VALLEY NUMBER 2, WV US",0,0,67,-56
1/6/2012,3791,4098,USC00461397,3/12/2012,39.0483,-79.4406,991.8,"CANAAN VALLEY NUMBER 2, WV US",0,0,167,-56
1/7/2012,3451,4521,USC00461397,3/13/2012,39.0483,-79.4406,991.8,"CANAAN VALLEY NUMBER 2, WV US",152,0,189,0
1/8/2012,2826,3425,USC00461397,3/14/2012,39.0483,-79.4406,991.8,"CANAAN VALLEY NUMBER 2, WV US",0,0,183,56
1/9/2012,2270,2376,USC00461397,3/15/2012,39.0483,-79.4406,991.8,"CANAAN VALLEY NUMBER 2, WV US",0,0,206,0
1/10/2012,3425,3598,USC00461397,3/16/2012,39.0483,-79.4406,991.8,"CANAAN VALLEY NUMBER 2, WV US",0,0,189,28
1/11/2012,2085,2177,USC00461397,3/17/2012,39.0483,-79.4406,991.8,"CANAAN VALLEY NUMBER 2, WV US",10,0,172,11
1/12/2012,3828,4097,USC00461397,3/18/2012,39.0483,-79.4406,991.8,"CANAAN VALLEY NUMBER 2, WV US",41,0,206,11
1/13/2012,3040,3214,USC00461397,3/19/2012,39.0483,-79.4406,991.8,"CANAAN VALLEY NUMBER 2, WV US",119,0,189,94
1/14/2012,2160,2493,USC00461397,3/21/2012,39.0483,-79.4406,991.8,"CANAAN VALLEY NUMBER 2, WV US",0,0,228,39
1/15/2012,2027,2311,USC00461397,3/22/2012,39.0483,-79.4406,991.8,"CANAAN VALLEY NUMBER 2, WV US",0,0,194,56
1/16/2012,2081,2298,USC00461397,12/18/2012,39.0483,-79.4406,991.8,"CANAAN VALLEY NUMBER 2, WV US",66,0,0,0
1/17/2012,2808,2935,USC00461397,12/19/2012,39.0483,-79.4406,991.8,"CANAAN VALLEY NUMBER 2, WV US",30,0,0,0
1/18/2012,3267,3376,USC00461397,12/20/2012,39.0483,-79.4406,991.8,"CANAAN VALLEY NUMBER 2, WV US",0,0,0,0
1/19/2012,3162,3292,USC00461397,12/21/2012,39.0483,-79.4406,991.8,"CANAAN VALLEY NUMBER 2, WV US",185,5,0,0
1/20/2012,3048,3163,USC00461397,12/22/2012,39.0483,-79.4406,991.8,"CANAAN VALLEY NUMBER 2, WV US",140,305,0,0
1/21/2012,1234,1301,,,,,,,0,0,0,0
1/22/2012,1781,1977,,,,,,,0,0,0,0
1/23/2012,2287,2432,,,,,,,0,0,0,0
1/24/2012,3900,4339,,,,,,,0,0,0,0
1/25/2012,3803,4270,,,,,,,0,0,0,0
1/26/2012,3831,4075,,,,,,,0,0,0,0
1/27/2012,3187,3456,,,,,,,0,0,0,0
1/28/2012,3248,4023,,,,,,,0,0,0,0
1/29/2012,2685,3243,,,,,,,0,0,0,0
1/30/2012,3498,3624,,,,,,,0,0,0,0
1/31/2012,4185,4509,,,,,,,0,0,0,0
2/1/2012,4275,4579,,,,,,,0,0,0,0
2/2/2012,3571,3761,,,,,,,0,0,0,0
2/3/2012,3841,4151,,,,,,,0,0,0,0
2/4/2012,2448,2832,,,,,,,0,0,0,0
2/5/2012,2629,2947,,,,,,,0,0,0,0
2/6/2012,3578,3784,,,,,,,0,0,0,0
2/7/2012,4176,4375,,,,,,,0,0,0,0
2/8/2012,2693,2802,,,,,,,0,0,0,0
2/9/2012,3667,3830,,,,,,,0,0,0,0
2/10/2012,3604,3831,,,,,,,0,0,0,0
2/11/2012,1977,2169,,,,,,,0,0,0,0
2/12/2012,1456,1529,,,,,,,0,0,0,0
2/13/2012,3328,3422,,,,,,,0,0,0,0
2/14/2012,3787,3922,,,,,,,0,0,0,0
2/15/2012,4028,4169,,,,,,,0,0,0,0
2/16/2012,2931,3005,,,,,,,0,0,0,0
2/17/2012,3805,4154,,,,,,,0,0,0,0
2/18/2012,2883,4318,,,,,,,0,0,0,0
2/19/2012,2071,2689,,,,,,,0,0,0,0
2/20/2012,2627,3129,,,,,,,0,0,0,0
2/21/2012,3614,3777,,,,,,,0,0,0,0
2/22/2012,4379,4773,,,,,,,0,0,0,0
2/23/2012,4546,5062,,,,,,,0,0,0,0
2/24/2012,3241,3487,,,,,,,0,0,0,0
2/25/2012,2415,2732,,,,,,,0,0,0,0
2/26/2012,2874,3389,,,,,,,0,0,0,0
2/27/2012,4069,4322,,,,,,,0,0,0,0
2/28/2012,4134,4363,,,,,,,0,0,0,0
2/29/2012,1769,1834,,,,,,,0,0,0,0
3/1/2012,4665,4990,,,,,,,0,0,0,0
3/2/2012,2948,3194,,,,,,,0,0,0,0
3/3/2012,3110,4066,,,,,,,0,0,0,0
3/4/2012,2713,3423,,,,,,,0,0,0,0
3/5/2012,3130,3333,,,,,,,0,0,0,0
3/6/2012,3735,3956,,,,,,,0,0,0,0
3/7/2012,4484,4916,,,,,,,0,0,0,0
3/8/2012,4896,5382,,,,,,,0,0,0,0
3/9/2012,4122,4569,,,,,,,0,0,0,0
3/10/2012,3150,4118,,,,,,,0,0,0,0
3/11/2012,3253,4911,,,,,,,0,0,0,0
3/12/2012,4460,5298,,,,,,,0,0,0,0
3/13/2012,5085,5847,,,,,,,0,0,0,0
3/14/2012,5315,6312,,,,,,,0,0,0,0
3/15/2012,5187,6192,,,,,,,0,0,0,0
3/16/2012,3830,4378,,,,,,,0,0,0,0
3/17/2012,4681,7836,,,,,,,0,0,0,0
3/18/2012,3685,5892,,,,,,,0,0,0,0
3/19/2012,5171,6153,,,,,,,0,0,0,0
3/20/2012,5042,6093,,,,,,,0,0,0,0
3/21/2012,5108,6230,,,,,,,0,0,0,0
3/22/2012,5537,6871,,,,,,,0,0,0,0
3/23/2012,5893,8362,,,,,,,0,0,0,0
3/24/2012,2339,3372,,,,,,,0,0,0,0
3/25/2012,3464,4996,,,,,,,0,0,0,0
3/26/2012,4763,5558,,,,,,,0,0,0,0
3/27/2012,4571,5102,,,,,,,0,0,0,0
3/28/2012,5024,5698,,,,,,,0,0,0,0
3/29/2012,5299,6133,,,,,,,0,0,0,0
3/30/2012,4663,5459,,,,,,,0,0,0,0
3/31/2012,3934,6235,,,,,,,0,0,0,0
4/1/2012,3694,6041,,,,,,,0,0,0,0
4/2/2012,4728,5936,,,,,,,0,0,0,0
4/3/2012,5424,6772,,,,,,,0,0,0,0
4/4/2012,5378,6436,,,,,,,0,0,0,0
4/5/2012,5265,6457,,,,,,,0,0,0,0
4/6/2012,4653,6460,,,,,,,0,0,0,0
4/7/2012,3605,6857,,,,,,,0,0,0,0
4/8/2012,2939,5169,,,,,,,0,0,0,0
4/9/2012,4680,5585,,,,,,,0,0,0,0
4/10/2012,5099,5918,,,,,,,0,0,0,0
4/11/2012,4380,4862,,,,,,,0,0,0,0
4/12/2012,4746,5409,,,,,,,0,0,0,0
4/13/2012,5146,6398,,,,,,,0,0,0,0
4/14/2012,4665,7460,,,,,,,0,0,0,0
4/15/2012,4286,7132,,,,,,,0,0,0,0
4/16/2012,5172,6370,,,,,,,0,0,0,0
4/17/2012,5702,6691,,,,,,,0,0,0,0
4/18/2012,4020,4367,,,,,,,0,0,0,0
4/19/2012,5719,6565,,,,,,,0,0,0,0
4/20/2012,5950,7290,,,,,,,0,0,0,0
4/21/2012,4083,6624,,,,,,,0,0,0,0
4/22/2012,907,1027,,,,,,,0,0,0,0
4/23/2012,3019,3214,,,,,,,0,0,0,0
4/24/2012,5115,5633,,,,,,,0,0,0,0
4/25/2012,5541,6196,,,,,,,0,0,0,0
4/26/2012,4551,5026,,,,,,,0,0,0,0
4/27/2012,5219,6233,,,,,,,0,0,0,0
4/28/2012,3100,4220,,,,,,,0,0,0,0
4/29/2012,4075,6304,,,,,,,0,0,0,0
4/30/2012,4907,5572,,,,,,,0,0,0,0
5/1/2012,5087,5740,,,,,,,0,0,0,0
5/2/2012,5502,6169,,,,,,,0,0,0,0
5/3/2012,5657,6421,,,,,,,0,0,0,0
5/4/2012,5227,6296,,,,,,,0,0,0,0
5/5/2012,4387,6883,,,,,,,0,0,0,0
5/6/2012,4224,6359,,,,,,,0,0,0,0
5/7/2012,5265,6273,,,,,,,0,0,0,0
5/8/2012,4990,5728,,,,,,,0,0,0,0
5/9/2012,4097,4717,,,,,,,0,0,0,0
5/10/2012,5546,6572,,,,,,,0,0,0,0
5/11/2012,5711,7030,,,,,,,0,0,0,0
5/12/2012,4807,7429,,,,,,,0,0,0,0
5/13/2012,3946,6118,,,,,,,0,0,0,0
5/14/2012,2501,2843,,,,,,,0,0,0,0
5/15/2012,4490,5115,,,,,,,0,0,0,0
5/16/2012,6433,7424,,,,,,,0,0,0,0
5/17/2012,6142,7384,,,,,,,0,0,0,0
5/18/2012,6118,7639,,,,,,,0,0,0,0
5/19/2012,4884,8294,,,,,,,0,0,0,0
5/20/2012,4425,7129,,,,,,,0,0,0,0
5/21/2012,3729,4359,,,,,,,0,0,0,0
5/22/2012,5254,6073,,,,,,,0,0,0,0
5/23/2012,4494,5260,,,,,,,0,0,0,0
5/24/2012,5711,6770,,,,,,,0,0,0,0
5/25/2012,5317,6734,,,,,,,0,0,0,0
5/26/2012,3681,6536,,,,,,,0,0,0,0
5/27/2012,3308,6591,,,,,,,0,0,0,0
5/28/2012,3486,6043,,,,,,,0,0,0,0
5/29/2012,4863,5743,,,,,,,0,0,0,0
5/30/2012,6110,6855,,,,,,,0,0,0,0
5/31/2012,6238,7338,,,,,,,0,0,0,0
6/1/2012,3594,4127,,,,,,,0,0,0,0
6/2/2012,5325,8120,,,,,,,0,0,0,0
6/3/2012,5147,7641,,,,,,,0,0,0,0
6/4/2012,5927,6998,,,,,,,0,0,0,0
6/5/2012,6033,7001,,,,,,,0,0,0,0
6/6/2012,6028,7055,,,,,,,0,0,0,0
6/7/2012,6456,7494,,,,,,,0,0,0,0
6/8/2012,6248,7736,,,,,,,0,0,0,0
6/9/2012,4790,7498,,,,,,,0,0,0,0
6/10/2012,4374,6598,,,,,,,0,0,0,0
6/11/2012,5647,6664,,,,,,,0,0,0,0
6/12/2012,4495,4972,,,,,,,0,0,0,0
6/13/2012,6248,7421,,,,,,,0,0,0,0
6/14/2012,6183,7363,,,,,,,0,0,0,0
6/15/2012,6102,7665,,,,,,,0,0,0,0
6/16/2012,4739,7702,,,,,,,0,0,0,0
6/17/2012,4344,6978,,,,,,,0,0,0,0
6/18/2012,4446,5099,,,,,,,0,0,0,0
6/19/2012,5857,6825,,,,,,,0,0,0,0
6/20/2012,5339,6211,,,,,,,0,0,0,0
6/21/2012,5127,5905,,,,,,,0,0,0,0
6/22/2012,4859,5823,,,,,,,0,0,0,0
6/23/2012,4801,7458,,,,,,,0,0,0,0
6/24/2012,4340,6891,,,,,,,0,0,0,0
6/25/2012,5640,6779,,,,,,,0,0,0,0
6/26/2012,6365,7442,,,,,,,0,0,0,0
6/27/2012,6258,7335,,,,,,,0,0,0,0
6/28/2012,5958,6879,,,,,,,0,0,0,0
6/29/2012,4634,5463,,,,,,,0,0,0,0
6/30/2012,4232,5687,,,,,,,0,0,0,0
7/1/2012,4110,5531,,,,,,,0,0,0,0
7/2/2012,5323,6227,,,,,,,0,0,0,0
7/3/2012,5608,6660,,,,,,,0,0,0,0
7/4/2012,4841,7403,,,,,,,0,0,0,0
7/5/2012,4836,6241,,,,,,,0,0,0,0
7/6/2012,4841,6207,,,,,,,0,0,0,0
7/7/2012,3392,4840,,,,,,,0,0,0,0
7/8/2012,3469,4672,,,,,,,0,0,0,0
7/9/2012,5571,6569,,,,,,,0,0,0,0
7/10/2012,5336,6290,,,,,,,0,0,0,0
7/11/2012,6289,7264,,,,,,,0,0,0,0
7/12/2012,6414,7446,,,,,,,0,0,0,0
7/13/2012,5988,7499,,,,,,,0,0,0,0
7/14/2012,4614,6969,,,,,,,0,0,0,0
7/15/2012,4111,6031,,,,,,,0,0,0,0
7/16/2012,5742,6830,,,,,,,0,0,0,0
7/17/2012,5865,6786,,,,,,,0,0,0,0
7/18/2012,4914,5713,,,,,,,0,0,0,0
7/19/2012,5703,6591,,,,,,,0,0,0,0
7/20/2012,5123,5870,,,,,,,0,0,0,0
7/21/2012,3195,4459,,,,,,,0,0,0,0
7/22/2012,4866,7410,,,,,,,0,0,0,0
7/23/2012,5831,6966,,,,,,,0,0,0,0
7/24/2012,6452,7592,,,,,,,0,0,0,0
7/25/2012,6790,8173,,,,,,,0,0,0,0
7/26/2012,5825,6861,,,,,,,0,0,0,0
7/27/2012,5645,6904,,,,,,,0,0,0,0
7/28/2012,4451,6685,,,,,,,0,0,0,0
7/29/2012,4444,6597,,,,,,,0,0,0,0
7/30/2012,6065,7105,,,,,,,0,0,0,0
7/31/2012,6248,7216,,,,,,,0,0,0,0
8/1/2012,6506,7580,,,,,,,0,0,0,0
8/2/2012,6278,7261,,,,,,,0,0,0,0
8/3/2012,5847,7175,,,,,,,0,0,0,0
8/4/2012,4479,6824,,,,,,,0,0,0,0
8/5/2012,3757,5464,,,,,,,0,0,0,0
8/6/2012,5780,7013,,,,,,,0,0,0,0
8/7/2012,5995,7273,,,,,,,0,0,0,0
8/8/2012,6271,7534,,,,,,,0,0,0,0
8/9/2012,6090,7286,,,,,,,0,0,0,0
8/10/2012,4721,5786,,,,,,,0,0,0,0
8/11/2012,4052,6299,,,,,,,0,0,0,0
8/12/2012,4362,6544,,,,,,,0,0,0,0
8/13/2012,5676,6883,,,,,,,0,0,0,0
8/14/2012,5656,6784,,,,,,,0,0,0,0
8/15/2012,6149,7347,,,,,,,0,0,0,0
8/16/2012,6267,7605,,,,,,,0,0,0,0
8/17/2012,5665,7148,,,,,,,0,0,0,0
8/18/2012,5038,7865,,,,,,,0,0,0,0
8/19/2012,3341,4549,,,,,,,0,0,0,0
8/20/2012,5504,6530,,,,,,,0,0,0,0
8/21/2012,5925,7006,,,,,,,0,0,0,0
8/22/2012,6281,7375,,,,,,,0,0,0,0
8/23/2012,6402,7765,,,,,,,0,0,0,0
8/24/2012,6257,7582,,,,,,,0,0,0,0
8/25/2012,4224,6053,,,,,,,0,0,0,0
8/26/2012,3772,5255,,,,,,,0,0,0,0
8/27/2012,5928,6917,,,,,,,0,0,0,0
8/28/2012,6105,7040,,,,,,,0,0,0,0
8/29/2012,6520,7697,,,,,,,0,0,0,0
8/30/2012,6541,7713,,,,,,,0,0,0,0
8/31/2012,5917,7350,,,,,,,0,0,0,0
9/1/2012,3788,6140,,,,,,,0,0,0,0
9/2/2012,3197,5810,,,,,,,0,0,0,0
9/3/2012,4069,6034,,,,,,,0,0,0,0
9/4/2012,5997,6864,,,,,,,0,0,0,0
9/5/2012,6280,7112,,,,,,,0,0,0,0
9/6/2012,5592,6203,,,,,,,0,0,0,0
9/7/2012,6459,7504,,,,,,,0,0,0,0
9/8/2012,4419,5976,,,,,,,0,0,0,0
9/9/2012,5657,8227,,,,,,,0,0,0,0
9/10/2012,6407,7525,,,,,,,0,0,0,0
9/11/2012,6697,7767,,,,,,,0,0,0,0
9/12/2012,6820,7870,,,,,,,0,0,0,0
9/13/2012,6750,7804,,,,,,,0,0,0,0
9/14/2012,6630,8009,,,,,,,0,0,0,0
9/15/2012,5554,8714,,,,,,,0,0,0,0
9/16/2012,5167,7333,,,,,,,0,0,0,0
9/17/2012,5847,6869,,,,,,,0,0,0,0
9/18/2012,3702,4073,,,,,,,0,0,0,0
9/19/2012,6803,7591,,,,,,,0,0,0,0
9/20/2012,6781,7720,,,,,,,0,0,0,0
9/21/2012,6917,8167,,,,,,,0,0,0,0
9/22/2012,5883,8395,,,,,,,0,0,0,0
9/23/2012,5453,7907,,,,,,,0,0,0,0
9/24/2012,6435,7436,,,,,,,0,0,0,0
9/25/2012,6693,7538,,,,,,,0,0,0,0
9/26/2012,6946,7733,,,,,,,0,0,0,0
9/27/2012,6642,7393,,,,,,,0,0,0,0
9/28/2012,6370,7415,,,,,,,0,0,0,0
9/29/2012,5966,8555,,,,,,,0,0,0,0
9/30/2012,4874,6889,,,,,,,0,0,0,0
10/1/2012,6015,6778,,,,,,,0,0,0,0
10/2/2012,4324,4639,,,,,,,0,0,0,0
10/3/2012,6844,7572,,,,,,,0,0,0,0
10/4/2012,6437,7328,,,,,,,0,0,0,0
10/5/2012,6640,8156,,,,,,,0,0,0,0
10/6/2012,4934,7965,,,,,,,0,0,0,0
10/7/2012,2729,3510,,,,,,,0,0,0,0
10/8/2012,4604,5478,,,,,,,0,0,0,0
10/9/2012,5791,6392,,,,,,,0,0,0,0
10/10/2012,6911,7691,,,,,,,0,0,0,0
10/11/2012,6736,7570,,,,,,,0,0,0,0
10/12/2012,6222,7282,,,,,,,0,0,0,0
10/13/2012,4857,7109,,,,,,,0,0,0,0
10/14/2012,4559,6639,,,,,,,0,0,0,0
10/15/2012,5115,5875,,,,,,,0,0,0,0
10/16/2012,6612,7534,,,,,,,0,0,0,0
10/17/2012,6482,7461,,,,,,,0,0,0,0
10/18/2012,6501,7509,,,,,,,0,0,0,0
10/19/2012,4671,5424,,,,,,,0,0,0,0
10/20/2012,5284,8090,,,,,,,0,0,0,0
10/21/2012,4692,6824,,,,,,,0,0,0,0
10/22/2012,6228,7058,,,,,,,0,0,0,0
10/23/2012,6625,7466,,,,,,,0,0,0,0
10/24/2012,6898,7693,,,,,,,0,0,0,0
10/25/2012,6484,7359,,,,,,,0,0,0,0
10/26/2012,6262,7444,,,,,,,0,0,0,0
10/27/2012,5209,7852,,,,,,,0,0,0,0
10/28/2012,3461,4459,,,,,,,0,0,0,0
10/29/2012,20,22,,,,,,,0,0,0,0
10/30/2012,1009,1096,,,,,,,0,0,0,0
10/31/2012,5147,5566,,,,,,,0,0,0,0
11/1/2012,5520,5986,,,,,,,0,0,0,0
11/2/2012,5229,5847,,,,,,,0,0,0,0
11/3/2012,4109,5138,,,,,,,0,0,0,0
11/4/2012,3906,5107,,,,,,,0,0,0,0
11/5/2012,4881,5259,,,,,,,0,0,0,0
11/6/2012,5220,5686,,,,,,,0,0,0,0
11/7/2012,4709,5035,,,,,,,0,0,0,0
11/8/2012,4975,5315,,,,,,,0,0,0,0
11/9/2012,5283,5992,,,,,,,0,0,0,0
11/10/2012,4446,6536,,,,,,,0,0,0,0
11/11/2012,4562,6852,,,,,,,0,0,0,0
11/12/2012,5172,6269,,,,,,,0,0,0,0
11/13/2012,3767,4094,,,,,,,0,0,0,0
11/14/2012,5122,5495,,,,,,,0,0,0,0
11/15/2012,5125,5445,,,,,,,0,0,0,0
11/16/2012,5214,5698,,,,,,,0,0,0,0
11/17/2012,4316,5629,,,,,,,0,0,0,0
11/18/2012,3747,4669,,,,,,,0,0,0,0
11/19/2012,5050,5499,,,,,,,0,0,0,0
11/20/2012,5100,5634,,,,,,,0,0,0,0
11/21/2012,4531,5146,,,,,,,0,0,0,0
11/22/2012,1470,2425,,,,,,,0,0,0,0
11/23/2012,2307,3910,,,,,,,0,0,0,0
11/24/2012,1745,2277,,,,,,,0,0,0,0
11/25/2012,2115,2424,,,,,,,0,0,0,0
11/26/2012,4750,5087,,,,,,,0,0,0,0
11/27/2012,3836,3959,,,,,,,0,0,0,0
11/28/2012,5062,5260,,,,,,,0,0,0,0
11/29/2012,5080,5323,,,,,,,0,0,0,0
11/30/2012,5306,5668,,,,,,,0,0,0,0
12/1/2012,4240,5191,,,,,,,0,0,0,0
12/2/2012,3757,4649,,,,,,,0,0,0,0
12/3/2012,5679,6234,,,,,,,0,0,0,0
12/4/2012,6055,6606,,,,,,,0,0,0,0
12/5/2012,5398,5729,,,,,,,0,0,0,0
12/6/2012,5035,5375,,,,,,,0,0,0,0
12/7/2012,4659,5008,,,,,,,0,0,0,0
12/8/2012,4429,5582,,,,,,,0,0,0,0
12/9/2012,2787,3228,,,,,,,0,0,0,0
12/10/2012,4841,5170,,,,,,,0,0,0,0
12/11/2012,5219,5501,,,,,,,0,0,0,0
12/12/2012,5009,5319,,,,,,,0,0,0,0
12/13/2012,5107,5532,,,,,,,0,0,0,0
12/14/2012,5182,5611,,,,,,,0,0,0,0
12/15/2012,4280,5047,,,,,,,0,0,0,0
12/16/2012,3248,3786,,,,,,,0,0,0,0
12/17/2012,4373,4585,,,,,,,0,0,0,0
12/18/2012,5124,5557,,,,,,,0,0,0,0
12/19/2012,4934,5267,,,,,,,0,0,0,0
12/20/2012,3814,4128,,,,,,,0,0,0,0
12/21/2012,3402,3623,,,,,,,0,0,0,0
12/22/2012,1544,1749,,,,,,,0,0,0,0
12/23/2012,1379,1787,,,,,,,0,0,0,0
12/24/2012,746,920,,,,,,,0,0,0,0
12/25/2012,573,1013,,,,,,,0,0,0,0
12/26/2012,432,441,,,,,,,0,0,0,0
12/27/2012,1867,2114,,,,,,,0,0,0,0
12/28/2012,2451,3095,,,,,,,0,0,0,0
12/29/2012,1182,1341,,,,,,,0,0,0,0
12/30/2012,1432,1796,,,,,,,0,0,0,0
12/31/2012,2290,2729,,,,,,,0,0,0,0
